{
  "epochs": [
    0,
    1,
    2,
    3,
    4,
    5,
    6,
    7,
    8,
    9,
    10,
    11,
    12,
    13,
    14,
    15,
    16,
    17,
    18,
    19,
    20,
    21,
    22,
    23,
    24,
    25,
    26,
    27,
    28,
    29,
    30,
    31,
    32,
    33,
    34,
    35,
    36,
    37,
    38,
    39,
    40,
    41,
    42,
    43,
    44,
    45,
    46,
    47,
    48,
    49,
    50,
    51,
    52,
    53,
    54,
    55,
    56,
    57,
    58,
    59,
    60,
    61,
    62,
    63,
    64,
    65,
    66,
    67,
    68,
    69,
    70,
    71,
    72,
    73,
    74,
    75,
    76,
    77,
    78,
    79,
    80,
    81,
    82,
    83,
    84,
    85,
    86,
    87,
    88,
    89,
    90,
    91,
    92,
    93,
    94,
    95,
    96,
    97,
    98,
    99,
    100,
    101,
    102,
    103,
    104,
    105,
    106,
    107,
    108,
    109,
    110,
    111,
    112,
    113,
    114,
    115,
    116,
    117,
    118,
    119,
    120,
    121,
    122,
    123,
    124,
    125,
    126,
    127,
    128,
    129,
    130,
    131,
    132,
    133,
    134,
    135,
    136,
    137,
    138,
    139,
    140,
    141,
    142,
    143,
    144,
    145,
    146,
    147,
    148,
    149
  ],
  "train_loss": [
    3.561614986388914,
    3.434400970576912,
    3.342490464769384,
    3.209350658360348,
    3.102165179226988,
    3.0313048824187248,
    2.9556833832494673,
    2.8911591819537583,
    2.8347378363532405,
    2.7744810786298526,
    2.682788266610074,
    2.634230563717504,
    2.5853234721768286,
    2.5252730721427548,
    2.4665950767455564,
    2.357474120073421,
    2.3497911624370085,
    2.255925667542283,
    2.2018039082327197,
    2.156869436464002,
    2.112905806911889,
    2.026076579606661,
    2.0204285488974665,
    2.0070854656157957,
    1.8942868842553067,
    1.8757194501738395,
    1.8140342298053926,
    1.7588679470041746,
    1.690348002218431,
    1.6587323849239657,
    1.5958507375050617,
    1.553708133518055,
    1.5443722730682743,
    1.494043840195543,
    1.4349038099409432,
    1.4157899800808198,
    1.35165339299748,
    1.3265631629895138,
    1.3095226487325085,
    1.2613716628602756,
    1.2509695816264357,
    1.195777587832943,
    1.1716485411249182,
    1.1554980435839264,
    1.0722017488893,
    1.0726470700515214,
    1.0008155651070096,
    0.9895104276396895,
    0.9786429484525034,
    0.943635328843068,
    0.9207925366698414,
    0.8951999057605061,
    0.8683634170040648,
    0.8523243845150035,
    0.8188184834616159,
    0.8016074732426675,
    0.7891725906200947,
    0.7665469419731888,
    0.7352693284190791,
    0.7258413512339835,
    0.6590390471361016,
    0.6833528894330224,
    0.6643732384207749,
    0.6434865980459157,
    0.6279203364805829,
    0.5934442110279555,
    0.5746562432257398,
    0.5852704501600676,
    0.5478336838604783,
    0.5621042641340405,
    0.5449726183207766,
    0.5234888248065467,
    0.47810301651316944,
    0.4983283790349159,
    0.45930416212587427,
    0.4631749398766025,
    0.48352867048434034,
    0.4540745204875386,
    0.4064435905786932,
    0.45137123308915605,
    0.44239387421878756,
    0.43051123557992843,
    0.4277930921644613,
    0.3740063831961203,
    0.39378733239487135,
    0.35752923932847797,
    0.38394115956359975,
    0.3798488151201958,
    0.34829252450076004,
    0.344217422403275,
    0.34620082647018935,
    0.34637113706138667,
    0.3244008620079326,
    0.29945684240389897,
    0.34306299562255543,
    0.3262237440143782,
    0.3024745938338099,
    0.29206602833163675,
    0.3238834225277226,
    0.30481237404909667,
    0.30387693333880156,
    0.30291864233371874,
    0.2765758602669643,
    0.29463530512606745,
    0.30847265298969,
    0.30687510662321604,
    0.27025856755884187,
    0.2673202781357192,
    0.2987412816584511,
    0.2620583261846394,
    0.2524265915490887,
    0.27324122538469653,
    0.2640257958342792,
    0.2648396408335576,
    0.29043537544046516,
    0.2667687205893178,
    0.2177903522857495,
    0.21905303243747962,
    0.26488654451665056,
    0.27699646953323115,
    0.2422238730234645,
    0.21366353778128502,
    0.2190433205405791,
    0.28793493324580294,
    0.24871396165346146,
    0.21574943940160216,
    0.2454933915687825,
    0.23642103601327186,
    0.221736092210537,
    0.218547007038949,
    0.22253843183348818,
    0.20532758496150935,
    0.22493057156492385,
    0.21989634936745528,
    0.2688544835039084,
    0.21300870302303504,
    0.22062309536837563,
    0.19995140550678137,
    0.20287210312021034,
    0.2037384112100167,
    0.21989188005431726,
    0.19862008780761753,
    0.21333262130307654,
    0.18691809835683515,
    0.18321391518518168,
    0.20333370930885755,
    0.19568830033794285,
    0.21369454257630854,
    0.20555573019389345,
    0.20719697668908105
  ],