{
  "epochs": [
    0,
    1,
    2,
    3,
    4,
    5,
    6,
    7,
    8,
    9,
    10,
    11,
    12,
    13,
    14,
    15,
    16,
    17,
    18,
    19,
    20,
    21,
    22,
    23,
    24,
    25,
    26,
    27,
    28,
    29,
    30,
    31,
    32,
    33,
    34,
    35,
    36,
    37,
    38,
    39,
    40,
    41,
    42,
    43,
    44,
    45,
    46,
    47,
    48,
    49,
    50,
    51,
    52,
    53,
    54,
    55,
    56,
    57,
    58,
    59,
    60,
    61,
    62,
    63,
    64,
    65,
    66,
    67,
    68,
    69,
    70,
    71,
    72,
    73,
    74,
    75,
    76,
    77,
    78,
    79,
    80,
    81,
    82,
    83,
    84,
    85,
    86,
    87,
    88,
    89,
    90,
    91,
    92,
    93,
    94,
    95,
    96,
    97,
    98,
    99,
    100,
    101,
    102,
    103,
    104,
    105,
    106,
    107,
    108,
    109,
    110,
    111,
    112,
    113,
    114,
    115,
    116,
    117,
    118,
    119,
    120,
    121,
    122,
    123,
    124,
    125,
    126,
    127,
    128,
    129,
    130,
    131,
    132,
    133,
    134,
    135,
    136,
    137,
    138,
    139,
    140,
    141,
    142,
    143,
    144,
    145,
    146,
    147,
    148,
    149
  ],
  "train_loss": [
    3.5601721572619613,
    3.4499570432529656,
    3.3728862539414437,
    3.251927479620903,
    3.146006673894903,
    3.079709465144783,
    2.993056874121389,
    2.9582628088612712,
    2.8902644720128787,
    2.793266156668304,
    2.758259114398751,
    2.7260788868191423,
    2.6647648285794,
    2.605794684861296,
    2.5707757851128936,
    2.4883850562957024,
    2.437320576880568,
    2.348241543577563,
    2.3284745488756444,
    2.280497387532265,
    2.1938848963347812,
    2.164366961807333,
    2.1080141128391348,
    2.0819245725870132,
    1.9871047017394856,
    1.9411768730609649,
    1.9115806271632512,
    1.8608248815421136,
    1.8148283107626824,
    1.7825187257220667,
    1.7203898599711798,
    1.6710557456939452,
    1.668378741830908,
    1.606341655376137,
    1.5533610992534186,
    1.5005629643477418,
    1.4728226837131284,
    1.4287629920628764,
    1.4278962786800118,
    1.3507174876748875,
    1.3332624588442106,
    1.2713129284080638,
    1.2622633520313489,
    1.2372436625181988,
    1.1850376532122653,
    1.1601650119628957,
    1.0976390038286485,
    1.0477081909775734,
    1.038411411747176,
    1.0278123254256863,
    0.990747480863525,
    0.9343418310326274,
    0.9199185404245571,
    0.9352381472946495,
    0.8959112352421207,
    0.8392470490628032,
    0.8323909282203643,
    0.8125979693666581,
    0.7901644011739121,
    0.7555076650554134,
    0.7265973353097516,
    0.7001296274203767,
    0.6795801370134277,
    0.6455669312347327,
    0.6245340211016517,
    0.6160957968683654,
    0.6137121027555837,
    0.6169335758213395,
    0.5676020679054081,
    0.5639226857412566,
    0.5227721634030502,
    0.5360710064990706,
    0.5123162709517024,
    0.4692624359521815,
    0.510248948038826,
    0.4825082490000353,
    0.48303756204944465,
    0.45155836467541033,
    0.46726816780464625,
    0.45443909841599645,
    0.4449223135948502,
    0.4164963431195706,
    0.4414780866504917,
    0.41283545753247636,
    0.3860558450762783,
    0.38241413734372587,
    0.38247203056810686,
    0.41559194162568097,
    0.37562478457887966,
    0.3788718899501668,
    0.36270049694044293,
    0.3296887643775472,
    0.33798316482614765,
    0.36822787054403816,
    0.3512923286536769,
    0.34752148168001284,
    0.3078693432272762,
    0.345600279809166,
    0.282049631872665,
    0.33575066250638774,
    0.3325894319562502,
    0.3118584847518353,
    0.3217026367132622,
    0.29512638695818444,
    0.24585710408326278,
    0.3107094586005695,
    0.2934958690336795,
    0.29462017069861135,
    0.3015382460453698,
    0.26432412584632714,
    0.29473471116294625,
    0.24238156326996382,
    0.25484180012817986,
    0.27125590497387514,
    0.24447876997091758,
    0.31772766790543033,
    0.21843786218443945,
    0.2073971149636813,
    0.25161277305995744,
    0.24276726287339004,
    0.2491515004952308,
    0.26083786724015107,
    0.2497565319676513,
    0.22487048538381693,
    0.2580019887286409,
    0.27166111437073076,
    0.23407645665249358,
    0.2596400217453559,
    0.24372537797617336,
    0.19845907033361013,
    0.23746562777687946,
    0.2293642720668226,
    0.22081283294165166,
    0.19947841531917532,
    0.22089617974024706,
    0.20784178238001563,
    0.2313420483842492,
    0.20657458327715636,
    0.2216519200248063,
    0.22411739128085995,
    0.20856246049015192,
    0.20135820252189954,
    0.1777848314383738,
    0.2329626978570295,
    0.22572642182856198,
    0.1926045893073102,
    0.18918171522873503,
    0.19955898436056752,
    0.20247762816737816,
    0.20677528953460114
  ],