{
  "epochs": [
    0,
    1,
    2,
    3,
    4,
    5,
    6,
    7,
    8,
    9,
    10,
    11,
    12,
    13,
    14,
    15,
    16,
    17,
    18,
    19,
    20,
    21,
    22,
    23,
    24,
    25,
    26,
    27,
    28,
    29,
    30,
    31,
    32,
    33,
    34,
    35,
    36,
    37,
    38,
    39,
    40,
    41,
    42,
    43,
    44,
    45,
    46,
    47,
    48,
    49,
    50,
    51,
    52,
    53,
    54,
    55,
    56,
    57,
    58,
    59,
    60,
    61,
    62,
    63,
    64,
    65,
    66,
    67,
    68,
    69,
    70,
    71,
    72,
    73,
    74,
    75,
    76,
    77,
    78,
    79,
    80,
    81,
    82,
    83,
    84,
    85,
    86,
    87,
    88,
    89,
    90,
    91,
    92,
    93,
    94,
    95,
    96,
    97,
    98,
    99,
    100,
    101,
    102,
    103,
    104,
    105,
    106,
    107,
    108,
    109,
    110,
    111,
    112,
    113,
    114,
    115,
    116,
    117,
    118,
    119,
    120,
    121,
    122,
    123,
    124,
    125,
    126,
    127,
    128,
    129,
    130,
    131,
    132,
    133,
    134,
    135,
    136,
    137,
    138,
    139,
    140,
    141,
    142,
    143,
    144,
    145,
    146,
    147,
    148,
    149
  ],
  "train_loss": [
    3.5697073423734276,
    3.4403622079921026,
    3.3818980884808365,
    3.292859287672145,
    3.1821240417418943,
    3.0996242505247875,
    3.005846692669776,
    2.9514146991955337,
    2.872429754785312,
    2.798758061021887,
    2.7594079067630153,
    2.695456782335876,
    2.618962346866567,
    2.551462519232945,
    2.512713945040139,
    2.4382309955294414,
    2.3343555289571003,
    2.3079036644069095,
    2.2438875315009907,
    2.2063708141926797,
    2.1530243042976625,
    2.0834457633956784,
    2.02386621858484,
    2.0066372899598974,
    1.895931359580768,
    1.881175586132593,
    1.8512409085868506,
    1.7828736841999075,
    1.74641735050627,
    1.7087220969379588,
    1.6741058836060185,
    1.6392772481326134,
    1.604817400376002,
    1.5227929291225248,
    1.4844576865434647,
    1.4737396509416643,
    1.4678681637010267,
    1.3784213248760468,
    1.3541822411840962,
    1.3054337101758167,
    1.2773794648788308,
    1.2955329204278607,
    1.234702764900141,
    1.232031749781742,
    1.1513358820830621,
    1.0900425922165635,
    1.1058224585828602,
    1.076043954699911,
    1.0351736234721316,
    1.028176706805024,
    0.9936433702867519,
    0.9530487593303445,
    0.9026221053334333,
    0.9072675955311585,
    0.8981829890080036,
    0.8547989178889541,
    0.8339892747181077,
    0.829504825695548,
    0.7754331598438884,
    0.7721666267281899,
    0.7692120627209704,
    0.7171706647001287,
    0.7074308073728957,
    0.6763475873777943,
    0.6643883143701861,
    0.6448757424550031,
    0.6419430549346632,
    0.5993014611704375,
    0.585908025883699,
    0.6043365941212703,
    0.5730959673121732,
    0.5643632114534417,
    0.5289154906546877,
    0.5628906607387527,
    0.516205843678245,
    0.4963000269146055,
    0.4850498291373413,
    0.48491162139301497,
    0.4981676958781737,
    0.4578083382258492,
    0.4378997801392469,
    0.4363378877000463,
    0.4672406532210849,
    0.3820459013304082,
    0.4484946020648524,
    0.4156056325782531,
    0.3912218034527795,
    0.3440014670993532,
    0.38868957792999603,
    0.3962975930452587,
    0.3302697948310324,
    0.3739661783961359,
    0.35495369489835477,
    0.36425161159907776,
    0.3710190007933766,
    0.36000316264608534,
    0.3084495071351768,
    0.3173401138009203,
    0.34214274401986794,
    0.34691713425901627,
    0.35074424531851567,
    0.32347222373530427,
    0.26700509008100276,
    0.3244695193710066,
    0.30056480728390234,
    0.26810660239519374,
    0.31965378166166364,
    0.27894303012358884,
    0.27181360109268576,
    0.3281510516860953,
    0.26794229599056385,
    0.27251533222114366,
    0.2719806925173328,
    0.2821045724765187,
    0.25488472258001166,
    0.2581016371297019,
    0.2788692436090881,
    0.24554281507027886,
    0.25476509621066434,
    0.2355684898868804,
    0.2793960572440698,
    0.24131455961414564,
    0.2441994440566588,
    0.22897361831048563,
    0.2367894033380654,
    0.20801240268103297,
    0.2458827921379638,
    0.21196595032358923,
    0.2655264144482952,
    0.22173347547450054,
    0.1902800128364595,
    0.24175227671280825,
    0.252572127137213,
    0.2219399346754716,
    0.20806979792823474,
    0.20470714153501615,
    0.20028227557157796,
    0.24518996742503937,
    0.2157913144247266,
    0.18436087992152458,
    0.2117289323960581,
    0.20419906205197255,
    0.22028800217504863,
    0.2209716424250835,
    0.2060105035942729,
    0.17685271867285532,
    0.19751286362322867,
    0.18112001903430228,
    0.19311396660964175,
    0.18366797894655015
  ],