{
  "epochs": [
    0,
    1,
    2,
    3,
    4,
    5,
    6,
    7,
    8,
    9,
    10,
    11,
    12,
    13,
    14,
    15,
    16,
    17,
    18,
    19,
    20,
    21,
    22,
    23,
    24,
    25,
    26,
    27,
    28,
    29,
    30,
    31,
    32,
    33,
    34,
    35,
    36,
    37,
    38,
    39,
    40,
    41,
    42,
    43,
    44,
    45,
    46,
    47,
    48,
    49,
    50,
    51,
    52,
    53,
    54,
    55,
    56,
    57,
    58,
    59,
    60,
    61,
    62,
    63,
    64,
    65,
    66,
    67,
    68,
    69,
    70,
    71,
    72,
    73,
    74,
    75,
    76,
    77,
    78,
    79,
    80,
    81,
    82,
    83,
    84,
    85,
    86,
    87,
    88,
    89,
    90,
    91,
    92,
    93,
    94,
    95,
    96,
    97,
    98,
    99,
    100,
    101,
    102,
    103,
    104,
    105,
    106,
    107,
    108,
    109,
    110,
    111,
    112,
    113,
    114,
    115,
    116,
    117,
    118,
    119,
    120,
    121,
    122,
    123,
    124,
    125,
    126,
    127,
    128,
    129,
    130,
    131,
    132,
    133,
    134,
    135,
    136,
    137,
    138,
    139,
    140,
    141,
    142,
    143,
    144,
    145,
    146,
    147,
    148,
    149
  ],
  "train_loss": [
    3.5670904222355095,
    3.45203746070144,
    3.367446735981972,
    3.29078895238138,
    3.2027916722400214,
    3.114268042707956,
    3.027466206781326,
    2.966182324194139,
    2.8807193758667156,
    2.8282939516088015,
    2.734724421334523,
    2.6711695633267842,
    2.6036403550896594,
    2.5645789366255523,
    2.472980134910153,
    2.449224680021245,
    2.3922512428734892,
    2.319388530908092,
    2.2761310999111464,
    2.1976156926924184,
    2.148408156569286,
    2.0887370141603614,
    2.035089414606812,
    1.9904137692784751,
    1.934619368244243,
    1.8752506732620218,
    1.8378850878566824,
    1.7747314562720637,
    1.7729472251989509,
    1.7016549273844688,
    1.662061264758469,
    1.6214887140899577,
    1.5798652811396507,
    1.5652421644778662,
    1.4694139734711698,
    1.4775150689066097,
    1.426162806970458,
    1.3778947915441246,
    1.3366443167130153,
    1.2882885989002002,
    1.2911646215505497,
    1.2336868912942949,
    1.215601191084872,
    1.175023354990508,
    1.1669668039727596,
    1.1186525232449014,
    1.0656975308252918,
    1.02042005595661,
    1.0359148830976537,
    0.9669157202525805,
    0.9489764394138449,
    0.9453771807333474,
    0.8884546491968376,
    0.8702256897043797,
    0.8474116970294265,
    0.8055900927352649,
    0.8101070765606178,
    0.7909895825770593,
    0.7496055661029714,
    0.7261798730300318,
    0.7107588558067237,
    0.6689706776010734,
    0.701854311370401,
    0.6308878628557087,
    0.6783820209844459,
    0.6564697724196219,
    0.6406976418789997,
    0.6389391856488361,
    0.5961916559445922,
    0.5883377926644459,
    0.5285442728869697,
    0.5347845238703554,
    0.5037822402332739,
    0.5395438723186011,
    0.5073501485930656,
    0.4964691175007692,
    0.44560774346633303,
    0.5130386698029695,
    0.48555938594083314,
    0.4301808470739953,
    0.44697235321365697,
    0.46135391496242056,
    0.3923816182900981,
    0.4049527380034648,
    0.4257011864114032,
    0.39980750309643887,
    0.3602675626364847,
    0.3898784467870349,
    0.4029581886165405,
    0.36956937298659354,
    0.36400775988936745,
    0.329466220962825,
    0.36726379506690526,
    0.33816824103355086,
    0.34717071820951756,
    0.32321600001105055,
    0.3521897972070722,
    0.3092583128882031,
    0.31721415473849224,
    0.2916869551283858,
    0.3039533187715357,
    0.30567824473524446,
    0.2895361198743264,
    0.3124021688846731,
    0.2826508397727163,
    0.23836263674511624,
    0.2996524083978867,
    0.31210482076952056,
    0.3028589633508756,
    0.2879824084905727,
    0.2718637231737375,
    0.2553510615697271,
    0.2669808853803182,
    0.2735204829043278,
    0.2433853486442678,
    0.2580441115874677,
    0.2428928743947738,
    0.22404597589986458,
    0.22434757504942676,
    0.24712958208145072,
    0.25365954220184794,
    0.20933200744912028,
    0.2348167172893481,
    0.2582851432799612,
    0.19816964034051185,
    0.24249245449700343,
    0.2763052203777617,
    0.2418131363047387,
    0.22462358081372835,
    0.2078031250576098,
    0.19781090348197888,
    0.23319850920359053,
    0.20256396061590604,
    0.2190747650600569,
    0.19115993296677466,
    0.197958775335342,
    0.2247815423630058,
    0.19453083939339605,
    0.18808625860299955,
    0.1903978565217106,
    0.22521659989480772,
    0.19435819233667545,
    0.19663101187106022,
    0.2181195795801418,
    0.2120961045535902,
    0.21969083787733187,
    0.2003870650860531,
    0.1473728445163297,
    0.18414575594066773,
    0.21294644560104095
  ],