{
  "epochs": [
    0,
    1,
    2,
    3,
    4,
    5,
    6,
    7,
    8,
    9,
    10,
    11,
    12,
    13,
    14,
    15,
    16,
    17,
    18,
    19,
    20,
    21,
    22,
    23,
    24,
    25,
    26,
    27,
    28,
    29,
    30,
    31,
    32,
    33,
    34,
    35,
    36,
    37,
    38,
    39,
    40,
    41,
    42,
    43,
    44,
    45,
    46,
    47,
    48,
    49,
    50,
    51,
    52,
    53,
    54,
    55,
    56,
    57,
    58,
    59,
    60,
    61,
    62,
    63,
    64,
    65,
    66,
    67,
    68,
    69,
    70,
    71,
    72,
    73,
    74,
    75,
    76,
    77,
    78,
    79,
    80,
    81,
    82,
    83,
    84,
    85,
    86,
    87,
    88,
    89,
    90,
    91,
    92,
    93,
    94,
    95,
    96,
    97,
    98,
    99,
    100,
    101,
    102,
    103,
    104,
    105,
    106,
    107,
    108,
    109,
    110,
    111,
    112,
    113,
    114,
    115,
    116,
    117,
    118,
    119,
    120,
    121,
    122,
    123,
    124,
    125,
    126,
    127,
    128,
    129,
    130,
    131,
    132,
    133,
    134,
    135,
    136,
    137,
    138,
    139,
    140,
    141,
    142,
    143,
    144,
    145,
    146,
    147,
    148,
    149
  ],
  "train_loss": [
    3.56094519745919,
    3.425823319983739,
    3.3006412354848718,
    3.2047690428713316,
    3.127146706786207,
    3.0646030620862077,
    2.9756288348987536,
    2.9075330678493745,
    2.843951566244966,
    2.7755976181517363,
    2.7262046042309014,
    2.6788626486255276,
    2.6000100194766955,
    2.558689281504641,
    2.469078210412815,
    2.452158680205704,
    2.3524102504535387,
    2.3000420770978414,
    2.253199234124153,
    2.20134124544359,
    2.1008630468640277,
    2.0880893196469996,
    2.000131508675955,
    1.9607292750189382,
    1.905038042735028,
    1.8579427962021162,
    1.7930514115479685,
    1.7457819565009045,
    1.7055652470037501,
    1.634026078767674,
    1.5774324532317858,
    1.5378536074071802,
    1.4989905934179983,
    1.4483795611448185,
    1.3884748708336585,
    1.364109895883068,
    1.3336149786588967,
    1.2665144306837872,
    1.215519533682895,
    1.1773714230906578,
    1.1536551510454507,
    1.0981726894776027,
    1.0465853513088277,
    1.0342989490237287,
    0.981407753041675,
    0.9723946581123978,
    0.9741690757293855,
    0.9064772864903814,
    0.8656164583179259,
    0.8411382051004518,
    0.8242804477371837,
    0.7710317282346628,
    0.7540598418563604,
    0.7230506064670701,
    0.6669348510362769,
    0.6739111966703848,
    0.6626064088796416,
    0.6628674866571542,
    0.6578943511591323,
    0.5914872453037289,
    0.5656008523818786,
    0.5800905536599857,
    0.578765983843515,
    0.5900695639792629,
    0.5368278352043001,
    0.49283973264798364,
    0.5155966229816918,
    0.4959280366498616,
    0.4559020532034738,
    0.42697293574731515,
    0.4584221068108755,
    0.4361811428861592,
    0.4453352185026292,
    0.40807487644375334,
    0.40291626789476925,
    0.38553491072548973,
    0.40923474643940244,
    0.38785464616031734,
    0.36323085481861744,
    0.36631352378816534,
    0.3700375025441009,
    0.3883464343605503,
    0.3358914815390142,
    0.3565634624251435,
    0.2888397512987496,
    0.3234118109128328,
    0.3283362775910846,
    0.3140689866937777,
    0.3021975670620719,
    0.2904745635841923,
    0.27924490701006627,
    0.297349408018573,
    0.29290720106412965,
    0.30807815750520073,
    0.2627099439531805,
    0.2694671268284481,
    0.3097894394880421,
    0.29009972715509996,
    0.2033234698127114,
    0.265821180486631,
    0.27981402965823327,
    0.25991698959842324,
    0.2520607527350426,
    0.2712580893008459,
    0.2681110156499731,
    0.2501732715735993,
    0.2531163654971107,
    0.22784482201020564,
    0.26160558063026157,
    0.21951402980904344,
    0.23717168327521093,
    0.25164143214132434,
    0.18421883144796455,
    0.19412235096247205,
    0.2702110411338909,
    0.24468240160645255,
    0.22620682896275113,
    0.21343659218062735,
    0.22291274399556701,
    0.22912315683819914,
    0.24925402178108613,
    0.22058596589191948,
    0.2275738658168183,
    0.21239354536287808,
    0.22151194518101552,
    0.17774174130591813,
    0.213181807414218,
    0.19592885111498656,
    0.21012663060513836,
    0.21191701653753958,
    0.20044706376539845,
    0.2149271478473399,
    0.22498764343289357,
    0.22309023086782745,
    0.15576901717451952,
    0.20965964449269156,
    0.18618777167973338,
    0.19138012516502573,
    0.18105689154797663,
    0.2456572111307954,
    0.2009089709314648,
    0.1605670596134939,
    0.1618565489182509,
    0.20285074564663352,
    0.18444157275371253,
    0.17708013115340585,
    0.21767077878397958,
    0.1864739169043699,
    0.19618247573574385,
    0.1839663746856874
  ],