{
  "epochs": [
    0,
    1,
    2,
    3,
    4,
    5,
    6,
    7,
    8,
    9,
    10,
    11,
    12,
    13,
    14,
    15,
    16,
    17,
    18,
    19,
    20,
    21,
    22,
    23,
    24,
    25,
    26,
    27,
    28,
    29,
    30,
    31,
    32,
    33,
    34,
    35,
    36,
    37,
    38,
    39,
    40,
    41,
    42,
    43,
    44,
    45,
    46,
    47,
    48,
    49,
    50,
    51,
    52,
    53,
    54,
    55,
    56,
    57,
    58,
    59,
    60,
    61,
    62,
    63,
    64,
    65,
    66,
    67,
    68,
    69,
    70,
    71,
    72,
    73,
    74,
    75,
    76,
    77,
    78,
    79,
    80,
    81,
    82,
    83,
    84,
    85,
    86,
    87,
    88,
    89,
    90,
    91,
    92,
    93,
    94,
    95,
    96,
    97,
    98,
    99,
    100,
    101,
    102,
    103,
    104,
    105,
    106,
    107,
    108,
    109,
    110,
    111,
    112,
    113,
    114,
    115,
    116,
    117,
    118,
    119,
    120,
    121,
    122,
    123,
    124,
    125,
    126,
    127,
    128,
    129,
    130,
    131,
    132,
    133,
    134,
    135,
    136,
    137,
    138,
    139,
    140,
    141,
    142,
    143,
    144,
    145,
    146,
    147,
    148,
    149
  ],
  "train_loss": [
    3.5717246615758507,
    3.452218988890289,
    3.3599594337965852,
    3.296521918748015,
    3.2105315193053214,
    3.136339657409217,
    3.062429751119306,
    3.013911444653747,
    2.9014916163618847,
    2.8465205181029534,
    2.816901284840799,
    2.7191016741337313,
    2.6840055203565987,
    2.624257993954484,
    2.5645590363651194,
    2.5384805394757177,
    2.4667275346094564,
    2.4009465629695566,
    2.3679999789243102,
    2.3178168012890765,
    2.2473145406092367,
    2.22915439676213,
    2.1627583526155,
    2.091720743845868,
    2.0541094631277104,
    2.013106404292968,
    1.9877237980404208,
    1.9353959275189268,
    1.8736654750762447,
    1.7957161631314986,
    1.8036437824528704,
    1.7275942016032435,
    1.6695335047539843,
    1.6414006357231448,
    1.6294890065346994,
    1.5316516164169516,
    1.5493755758770051,
    1.4859395880372293,
    1.4424491821117298,
    1.4063453502872938,
    1.3694604586369248,
    1.3231797145419224,
    1.3223696363068396,
    1.2635138071672891,
    1.2234274760209105,
    1.20076983678405,
    1.1878035437035304,
    1.1195653856441539,
    1.0786846347393528,
    1.0967585898695453,
    1.0531612932682037,
    1.029924851912324,
    0.9490560785096179,
    0.9389881798496811,
    0.9510175690695803,
    0.9253339260335891,
    0.884203045318524,
    0.869710512499335,
    0.8473316349730056,
    0.8238860026242272,
    0.7856742628319289,
    0.8603531995848301,
    0.760303745226514,
    0.763919027822633,
    0.7238345720795214,
    0.6901680192038897,
    0.6755531921742424,
    0.6431681406634149,
    0.6762372716580347,
    0.6512177071423941,
    0.6115948021692293,
    0.6350691506779322,
    0.5900084070300543,
    0.5632899355503821,
    0.5880442666971395,
    0.5586014819401567,
    0.5290639461568927,
    0.5168563102682432,
    0.5292841116947833,
    0.5162885901768521,
    0.5006541055176528,
    0.5034759540751736,
    0.4542937144056283,
    0.4699984395736328,
    0.47502581299012225,
    0.4419799802564485,
    0.41950763296335936,
    0.43389584765499156,
    0.416595525568932,
    0.42932856551581816,
    0.43063852863927043,
    0.4165490593470793,
    0.39975277131162984,
    0.38358371765903565,
    0.39990354783993254,
    0.3642000442931569,
    0.31308434804480884,
    0.34483889448806965,
    0.3717016686675369,
    0.34497526175372545,
    0.3544604906121329,
    0.3172896904920939,
    0.3606686769704264,
    0.33915707583148635,
    0.35368187257879846,
    0.36357673915022964,
    0.30457405695912015,
    0.3205134807960681,
    0.2849163194662661,
    0.2784144316539569,
    0.28303515122983086,
    0.3127800551673738,
    0.28385139505068463,
    0.2456557593478631,
    0.2730298783725268,
    0.3083518481968592,
    0.29581414967254605,
    0.23750246994157312,
    0.2429954462274108,
    0.2557035349484693,
    0.2813800523152715,
    0.27589010070228287,
    0.24768054840074832,
    0.2594772146499005,
    0.273607085353785,
    0.26772532619596007,
    0.22426559362981108,
    0.23933322682866567,
    0.22388325041029802,
    0.26399169197326067,
    0.25622324109633243,
    0.2758012008903328,
    0.2258759326832269,
    0.25433134976824523,
    0.21208913215205713,
    0.23593575811083678,
    0.24226237009579857,
    0.22134632602714563,
    0.22309943269287305,
    0.2644085467627813,
    0.21266673887098428,
    0.22392916912964034,
    0.22865818934615262,
    0.19080096116084205,
    0.21538873175810022,
    0.20227834624889238,
    0.21610087980466183,
    0.19102908532956356,
    0.2051972404750745,
    0.25513601616796067
  ],