{
  "epochs": [
    0,
    1,
    2,
    3,
    4,
    5,
    6,
    7,
    8,
    9,
    10,
    11,
    12,
    13,
    14,
    15,
    16,
    17,
    18
  ],
  "train_loss": [
    3.5709541286191633,
    3.4448746718386167,
    3.366440494855245,
    3.3042169674750297,
    3.2239246567090354,
    3.137878587809942,
    3.0697373433779647,
    3.0057787203019664,
    2.9123737786405828,
    2.866692183479186,
    2.780274941395688,
    2.7326684212812813,
    2.660635091604725,
    2.6027736080590116,
    2.535561458077482,
    2.5111544981438625,
    2.425561632520409,
    2.374299623953399,
    2.326096260419456
  ],
  "val_loss": [
    3.542703701691194,
    3.5141509635881945,
    3.3152573731812565,
    3.2325373021039097,
    3.294460188258778,
    3.166811086914756,
    2.9374886615709825,
    2.8755605220794678,
    2.8725245716896923,
    2.8221925022927197,
    2.7535719356753607,
    2.838786870241165,
    2.5349513617428867,
    2.5962118167768824,
    2.5577093213796616,
    2.6548390794884074,
    2.3638617911122064,
    2.429757530039007,
    2.2524140273982827
  ],
  "train_acc": [
    4.745876809155167,
    7.707842477280377,
    9.188825311342983,
    10.063951531470885,
    12.521036687983845,
    13.833726018175698,
    16.122517670817906,
    17.33423089868731,
    18.949848535846517,
    20.16156176371592,
    22.147425109390777,
    22.21474251093908,
    24.806462470548638,
    26.825984516997643,
    28.2733086502861,
    28.57623695725345,
    31.06698081454056,
    33.120161561763716,
    33.52406597105352
  ],
  "val_acc": [
    6.685633001422475,
    8.677098150782362,
    11.806543385490754,
    12.233285917496444,
    10.953058321479373,
    12.802275960170697,
    18.634423897581794,
    18.49217638691323,
    19.061166429587484,
    20.19914651493599,
    22.475106685633,
    23.613086770981507,
    26.031294452347083,
    26.600284495021338,
    26.173541963015648,
    24.039829302987197,
    33.57041251778094,
    30.15647226173542,
    33.428165007112376
  ],
  "learning_rate": [
    0.0001,
    0.0001,
    0.0001,
    0.0001,
    0.0001,
    0.0001,
    0.0001,
    0.0001,
    0.0001,
    0.0001,
    0.0001,
    0.0001,
    0.0001,
    0.0001,
    0.0001,
    0.0001,
    0.0001,
    0.0001,
    0.0001
  ]
}