{
  "epochs": [
    0,
    1,
    2,
    3,
    4,
    5,
    6,
    7,
    8,
    9,
    10,
    11,
    12,
    13,
    14,
    15,
    16,
    17,
    18,
    19,
    20,
    21,
    22,
    23,
    24,
    25,
    26,
    27,
    28,
    29,
    30,
    31,
    32,
    33,
    34,
    35,
    36,
    37,
    38,
    39,
    40,
    41,
    42,
    43,
    44,
    45,
    46,
    47,
    48,
    49,
    50,
    51,
    52,
    53,
    54,
    55,
    56,
    57,
    58,
    59,
    60,
    61,
    62,
    63,
    64,
    65,
    66,
    67,
    68,
    69,
    70,
    71,
    72,
    73,
    74,
    75,
    76,
    77,
    78,
    79,
    80,
    81,
    82,
    83,
    84,
    85,
    86,
    87,
    88,
    89,
    90,
    91,
    92,
    93,
    94,
    95,
    96,
    97,
    98,
    99,
    100,
    101,
    102,
    103,
    104,
    105,
    106,
    107,
    108,
    109,
    110,
    111,
    112,
    113,
    114,
    115,
    116,
    117,
    118,
    119,
    120,
    121,
    122,
    123,
    124,
    125,
    126,
    127,
    128,
    129,
    130,
    131,
    132,
    133,
    134,
    135,
    136,
    137,
    138,
    139,
    140,
    141,
    142,
    143,
    144,
    145,
    146,
    147,
    148,
    149
  ],
  "train_loss": [
    3.577984687461648,
    3.4637913421917985,
    3.3688552738517843,
    3.3092247241286823,
    3.216319259135954,
    3.1389499146451234,
    3.070585133567933,
    3.0201133963882283,
    2.9181954655596005,
    2.862059381059421,
    2.8325501190077875,
    2.7512284007764634,
    2.700857637710469,
    2.637856634393815,
    2.5662720148922293,
    2.5419009920730384,
    2.474181446977841,
    2.4242478089947856,
    2.3652458735691604,
    2.3327952850890417,
    2.2716115408687183,
    2.23225411965001,
    2.173856076694304,
    2.1076469802728264,
    2.054720788873652,
    2.029443731231074,
    1.9888809731891077,
    1.93184876217637,
    1.8897025963311553,
    1.820655594109207,
    1.7947820423431293,
    1.7588552826194352,
    1.6810550819481573,
    1.6410389830989223,
    1.634006336491595,
    1.5821891763517935,
    1.5739664279965944,
    1.4910610270115636,
    1.4427737006416885,
    1.416414784007175,
    1.3732511012624669,
    1.3506694400823245,
    1.3155116513371468,
    1.261933363733753,
    1.225171284249393,
    1.2041895813358727,
    1.2191554105249784,
    1.1902394450159484,
    1.0827165372589582,
    1.0945468200470811,
    1.0336173308953163,
    1.049750030040741,
    0.9803596618835644,
    0.9823421165747668,
    0.9812601471459994,
    0.9321957758517676,
    0.928210063446914,
    0.8760089760105456,
    0.8542843897656728,
    0.8610981011422731,
    0.8329535392663812,
    0.8269577539095314,
    0.7598991905969958,
    0.7886164130302526,
    0.7325256843199973,
    0.7113755323713825,
    0.677362929729204,
    0.6611026659688001,
    0.6542497608129696,
    0.653496710964108,
    0.6387686259764177,
    0.6102672023898972,
    0.5798227511827023,
    0.5806665959097045,
    0.5719728842577947,
    0.58284890611646,
    0.5341083843621516,
    0.5366317473492155,
    0.5228623514494268,
    0.517327348120831,
    0.5006628665792686,
    0.49325368941951825,
    0.46935152237413713,
    0.5149643976561805,
    0.44926814841086504,
    0.44376077214556353,
    0.4429667457958223,
    0.4471523753938175,
    0.4125639145232497,
    0.4364662452811195,
    0.4420817504807185,
    0.39144100681427985,
    0.39475418820536584,
    0.41306703455585947,
    0.3822643078503109,
    0.3684244826986825,
    0.3074067851318227,
    0.35128399896465484,
    0.38667038743013654,
    0.35809137388783435,
    0.3011258201503385,
    0.3547337667075216,
    0.3762576128456301,
    0.33731757294166315,
    0.3162748509597394,
    0.3249047722877754,
    0.3237685683754183,
    0.3451913064145433,
    0.2870346073972522,
    0.2879235537131868,
    0.34485006581000505,
    0.3004395105445417,
    0.23705638441888074,
    0.2589672921520848,
    0.269138627981026,
    0.3025001039207783,
    0.3017580007222952,
    0.29126436067544803,
    0.2742699673048831,
    0.26963718738957676,
    0.29306250689701446,
    0.24077688007845835,
    0.24113812675118768,
    0.2746358286859768,
    0.27619667427604316,
    0.2681954587704592,
    0.2388487781838624,
    0.26812403236505805,
    0.2770320542196753,
    0.25002272833158734,
    0.24742181758866996,
    0.24028212295955306,
    0.26070949681333555,
    0.23140409640637377,
    0.24350988509143473,
    0.21654108633106994,
    0.2467340260934365,
    0.25337225478392855,
    0.21739167295726797,
    0.2516315677829127,
    0.19579375994902465,
    0.21932296679976085,
    0.24152186988372235,
    0.2185220379076938,
    0.20737101210241196,
    0.20751568434950246,
    0.2127177878958924,
    0.21671890193766724,
    0.2212574529256271,
    0.24835888947540474
  ],