{
  "epochs": [
    0,
    1,
    2,
    3,
    4,
    5,
    6
  ],
  "train_loss": [
    3.5747317864048864,
    3.449307946748631,
    3.3546075487649567,
    3.2943085162870345,
    3.195053477441111,
    3.110531667868296,
    3.045288796706866
  ],
  "val_loss": [
    3.475414278832349,
    3.358516885475679,
    3.332844027064063,
    3.3878259523348375,
    3.168406681580977,
    3.16728783195669,
    2.992740525440736
  ],
  "train_acc": [
    4.678559407606866,
    7.573207674183776,
    9.761023224503534,
    11.544934365533491,
    13.429821608885897,
    15.247391450690003,
    17.13227869404241
  ],
  "val_acc": [
    7.681365576102418,
    10.241820768136558,
    10.953058321479373,
    10.099573257467995,
    13.940256045519204,
    14.082503556187767,
    17.63869132290185
  ],
  "learning_rate": [
    0.0001,
    0.0001,
    0.0001,
    0.0001,
    0.0001,
    0.0001,
    0.0001
  ]
}