{
  "epochs": [
    0,
    1,
    2,
    3,
    4,
    5,
    6,
    7,
    8,
    9,
    10,
    11,
    12,
    13,
    14,
    15,
    16,
    17,
    18,
    19,
    20,
    21,
    22,
    23,
    24,
    25,
    26,
    27,
    28,
    29,
    30,
    31,
    32,
    33,
    34,
    35,
    36,
    37,
    38,
    39,
    40,
    41,
    42,
    43,
    44,
    45,
    46,
    47,
    48,
    49,
    50,
    51,
    52,
    53,
    54,
    55,
    56,
    57,
    58,
    59,
    60,
    61,
    62,
    63,
    64,
    65,
    66,
    67,
    68,
    69,
    70,
    71,
    72,
    73,
    74,
    75,
    76,
    77,
    78,
    79,
    80,
    81,
    82,
    83,
    84,
    85,
    86,
    87,
    88,
    89,
    90,
    91,
    92,
    93,
    94,
    95,
    96,
    97,
    98,
    99,
    100,
    101,
    102,
    103,
    104,
    105,
    106,
    107,
    108,
    109,
    110,
    111,
    112,
    113,
    114,
    115,
    116,
    117,
    118,
    119,
    120,
    121,
    122,
    123,
    124,
    125,
    126,
    127,
    128,
    129,
    130,
    131,
    132,
    133,
    134,
    135,
    136,
    137,
    138,
    139,
    140,
    141,
    142,
    143,
    144,
    145,
    146,
    147,
    148,
    149
  ],
  "train_loss": [
    3.5726217255797437,
    3.4589845858594424,
    3.3721578736459055,
    3.2988731905978215,
    3.217839039782042,
    3.125037202271082,
    3.051115019347078,
    2.9744783665544245,
    2.896097341211893,
    2.842406528611337,
    2.741159121195475,
    2.690774436599465,
    2.621367638470024,
    2.5497824277288172,
    2.474415152303634,
    2.4197155596107565,
    2.3808782856951476,
    2.297419544509662,
    2.2308698033773773,
    2.1692978332760515,
    2.1004191646652837,
    2.0311634796921925,
    2.0108450282645483,
    1.9434317885547556,
    1.8774541670917182,
    1.8125598276815107,
    1.7778164098660152,
    1.6993033591137137,
    1.7115401000745836,
    1.6436874292871004,
    1.6118196059138543,
    1.5625438009218504,
    1.518924722107508,
    1.5052338642298535,
    1.3943828323515512,
    1.3874204804499943,
    1.3353599248233663,
    1.314864298188558,
    1.2699117745443056,
    1.225645486225364,
    1.2099124995931503,
    1.1593087221826277,
    1.1520269190271695,
    1.1273799845848673,
    1.0733124672244954,
    1.0588901733118359,
    1.0046181594251946,
    0.96722727529304,
    0.9679550814933033,
    0.8987471490537607,
    0.8963750319615487,
    0.9129258422681721,
    0.8540606216317222,
    0.8335574301740816,
    0.7950640376857532,
    0.7782090241790459,
    0.7615835525255691,
    0.7547432741010061,
    0.6992845606579575,
    0.6926327075769183,
    0.6602704157872546,
    0.6545904471629089,
    0.661965858111138,
    0.6406160409972873,
    0.6132314483164459,
    0.6457175359890986,
    0.62240191262656,
    0.6044868877738394,
    0.5655199656443249,
    0.563113948550596,
    0.5243805129962262,
    0.5238495553012497,
    0.5059995974103609,
    0.4880268206589565,
    0.4998334840300583,
    0.4840569980092026,
    0.43376822913846663,
    0.471403571426548,
    0.4697607619467602,
    0.44384762233183267,
    0.4313019313999722,
    0.4186762141123895,
    0.40949262892927535,
    0.37320608361774393,
    0.4185449632475533,
    0.375035221082589,
    0.3511400057493599,
    0.3795845683924453,
    0.39532327570862347,
    0.36125608580186963,
    0.34272627770820613,
    0.32894680832302375,
    0.36053229559974004,
    0.353667956731853,
    0.36250931384562646,
    0.3547469766920693,
    0.3466169282253231,
    0.2936539048108683,
    0.33649130396905447,
    0.3047013444455481,
    0.28892074952462826,
    0.3250151402567343,
    0.26757633166327593,
    0.2751663716319668,
    0.30923158398538986,
    0.30546079180453733,
    0.2786207326001898,
    0.27420425724728853,
    0.2946950769933161,
    0.3038603303583479,
    0.26345087663440775,
    0.2872570043990529,
    0.282497766347582,
    0.24474963302954392,
    0.2513943511281683,
    0.25842904352072266,
    0.24123455232800414,
    0.21516990314878684,
    0.23999228377285745,
    0.319370392099103,
    0.23760006558750907,
    0.22000158526584185,
    0.22098010989977548,
    0.20802388265378452,
    0.23980444992682146,
    0.29096292703342375,
    0.20234943167006056,
    0.24767178369896306,
    0.23579617909416156,
    0.23789859668511937,
    0.21206179135529105,
    0.24178198190225708,
    0.2246102437962808,
    0.20052071539835342,
    0.18528512966949293,
    0.2086040856421835,
    0.24149794530458948,
    0.23599407244699017,
    0.21366252190989232,
    0.16844043137395495,
    0.22037018060193508,
    0.23262133116593525,
    0.19533335756740824,
    0.22796103014906127,
    0.21344767877161103,
    0.1868009276810773,
    0.18266507314758434,
    0.15960692969321083,
    0.18733969135009634,
    0.2466594282768026
  ],