{
  "epochs": [
    0,
    1,
    2,
    3,
    4,
    5,
    6,
    7,
    8,
    9,
    10,
    11,
    12,
    13,
    14,
    15,
    16,
    17,
    18,
    19,
    20,
    21,
    22,
    23,
    24,
    25,
    26,
    27,
    28,
    29,
    30,
    31,
    32,
    33,
    34,
    35,
    36,
    37,
    38,
    39,
    40,
    41,
    42,
    43,
    44,
    45,
    46,
    47,
    48,
    49,
    50,
    51,
    52,
    53,
    54,
    55,
    56,
    57,
    58,
    59,
    60,
    61,
    62,
    63,
    64,
    65,
    66,
    67,
    68,
    69,
    70,
    71,
    72,
    73,
    74,
    75,
    76,
    77,
    78,
    79,
    80,
    81,
    82,
    83,
    84,
    85,
    86,
    87,
    88,
    89,
    90,
    91,
    92,
    93,
    94,
    95,
    96,
    97,
    98,
    99,
    100,
    101,
    102,
    103,
    104,
    105,
    106,
    107,
    108,
    109,
    110,
    111,
    112,
    113,
    114,
    115,
    116,
    117,
    118,
    119,
    120,
    121,
    122,
    123,
    124,
    125,
    126,
    127,
    128,
    129,
    130,
    131,
    132,
    133,
    134,
    135,
    136,
    137,
    138,
    139,
    140,
    141,
    142,
    143,
    144,
    145,
    146,
    147,
    148,
    149
  ],
  "train_loss": [
    3.5393942780392145,
    3.3805405145050376,
    3.2788466836816523,
    3.202872498061067,
    3.0773648017196247,
    2.9781425056918973,
    2.8945494729985475,
    2.822913880309751,
    2.699797451175669,
    2.6192782655838998,
    2.511569747040349,
    2.4235690889819974,
    2.3544183456769554,
    2.2560473959292136,
    2.1642606293642395,
    2.112870877468458,
    2.0497827268736337,
    1.9442752425068168,
    1.8816544264554977,
    1.8086546204423393,
    1.7119248833066674,
    1.6509373990758773,
    1.5896636672237867,
    1.4936289535735243,
    1.4091972700690711,
    1.3672782269216353,
    1.2977523669119804,
    1.2152566798431899,
    1.1551925635305784,
    1.1017949541890493,
    1.0507749963191249,
    0.9978471286194299,
    0.9228821113625522,
    0.874210751585422,
    0.8565118378929554,
    0.7850583736053718,
    0.7583005593749144,
    0.6664067542240504,
    0.6561057014611139,
    0.615831081605246,
    0.5783121209711798,
    0.5558730147538646,
    0.5309414754030846,
    0.48706859099848937,
    0.45529327810972287,
    0.45293457337444826,
    0.44733275861669614,
    0.4418039821308627,
    0.3897808650208096,
    0.4302318089251076,
    0.3424927595482078,
    0.3240123945739,
    0.33427125597072227,
    0.32455972576594,
    0.4139261748441445,
    0.27706940494658006,
    0.3202453662831617,
    0.28380630616979896,
    0.23545315286885665,
    0.2585079424553901,
    0.3347832748456107,
    0.24569116882298903,
    0.21350801154790866,
    0.31102310317838866,
    0.2543557548334682,
    0.20361090581163124,
    0.19400045202584357,
    0.20471078294870113,
    0.2538066072920237,
    0.26066578260212336,
    0.26912700745867946,
    0.18762579712496008,
    0.21989762550720604,
    0.19495419943605058,
    0.1902492573104238,
    0.2537480399878796,
    0.18879955859544376,
    0.21269006314887715,
    0.18585986930937057,
    0.16094040865409037,
    0.1976120251278463,
    0.21606984178245228,
    0.17810822668315102,
    0.20432491465571828,
    0.17400332532763,
    0.17923054849148118,
    0.1672669630109643,
    0.15039981111773962,
    0.1905743672978133,
    0.19226241948693912,
    0.13462981404060678,
    0.19258379382431828,
    0.15423646412279096,
    0.20201783995043926,
    0.15736625106474486,
    0.16589314646403036,
    0.1340573706190973,
    0.14533903116800934,
    0.16087529679850465,
    0.15292029467821922,
    0.14808241064004318,
    0.15300903676994024,
    0.15079755207613832,
    0.10745294599528475,
    0.13881648498492175,
    0.1991479156128261,
    0.15200885078839718,
    0.1102424020145429,
    0.14148169858706613,
    0.19569253348194623,
    0.1326964625297615,
    0.13129863988668208,
    0.1405146702090078,
    0.11246644346273794,
    0.1226456830458295,
    0.15846949431454382,
    0.1484844263402685,
    0.1576742766980803,
    0.13179415937197664,
    0.1139182667022631,
    0.1460319552257637,
    0.14473175113489953,
    0.1122768473409627,
    0.1121972058549203,
    0.14283583741334657,
    0.1194517092468838,
    0.08754935153442064,
    0.1441818265624905,
    0.17311635522186877,
    0.17799181768780833,
    0.12954765456097742,
    0.094043921878291,
    0.08471653584305758,
    0.19565910083161647,
    0.0906899850402448,
    0.07729380422331873,
    0.14088183024307332,
    0.15604642425258194,
    0.13209840616646915,
    0.12819006213522766,
    0.10001740159381742,
    0.10593601034563635,
    0.1174926839378332,
    0.1305452768392961,
    0.10381611657669387,
    0.1130840737292523,
    0.11534343911860619,
    0.07853169681789775,
    0.13234074397002576,
    0.12557842868245056
  ],