{
  "epochs": [
    0,
    1,
    2,
    3,
    4,
    5,
    6,
    7,
    8,
    9,
    10,
    11,
    12,
    13,
    14,
    15,
    16,
    17,
    18,
    19,
    20,
    21,
    22,
    23,
    24,
    25,
    26,
    27,
    28,
    29,
    30,
    31,
    32,
    33,
    34,
    35,
    36,
    37,
    38,
    39,
    40,
    41,
    42,
    43,
    44,
    45,
    46,
    47,
    48,
    49,
    50,
    51,
    52,
    53,
    54,
    55,
    56,
    57,
    58,
    59,
    60,
    61,
    62,
    63,
    64,
    65,
    66,
    67,
    68,
    69,
    70,
    71,
    72,
    73,
    74,
    75,
    76,
    77,
    78,
    79,
    80,
    81,
    82,
    83,
    84,
    85,
    86,
    87,
    88,
    89,
    90,
    91,
    92,
    93,
    94,
    95,
    96,
    97,
    98,
    99,
    100,
    101,
    102,
    103,
    104,
    105,
    106,
    107,
    108,
    109,
    110,
    111,
    112,
    113,
    114,
    115,
    116,
    117,
    118,
    119,
    120,
    121,
    122,
    123,
    124,
    125,
    126,
    127,
    128,
    129,
    130,
    131,
    132,
    133,
    134,
    135,
    136,
    137,
    138,
    139,
    140,
    141,
    142,
    143,
    144,
    145,
    146,
    147,
    148,
    149
  ],
  "train_loss": [
    3.559747331885881,
    3.4478868470397046,
    3.3871040715966174,
    3.314446614634606,
    3.2469245009524847,
    3.167466643676963,
    3.0883370394347818,
    3.0125545237653997,
    2.9197025452890704,
    2.882555810354089,
    2.805262982524851,
    2.7704806087478513,
    2.710877119213022,
    2.6118700901667276,
    2.5485799969524465,
    2.530047281134513,
    2.4778795360877948,
    2.405839700211761,
    2.3751686817856243,
    2.312731784518047,
    2.263222961656509,
    2.2176017937480763,
    2.1643236593533586,
    2.1252621671845837,
    2.0810501857470443,
    2.032466822734443,
    1.9739005349336132,
    1.94680840610176,
    1.9063677124438747,
    1.8728621892070259,
    1.8115768099343905,
    1.7598753621180852,
    1.7217005359870132,
    1.7183658129745913,
    1.650169155610505,
    1.6092699123646623,
    1.5901728490347504,
    1.5391980544213326,
    1.5303154039767481,
    1.4508638197696337,
    1.4157118143573884,
    1.3936402174413844,
    1.319590077525185,
    1.3220007934717721,
    1.2875549245265223,
    1.2814565392271164,
    1.2182449091185805,
    1.1676120214885282,
    1.1748378763916671,
    1.1375877376525634,
    1.1278833377585615,
    1.0804775762622074,
    1.0604591130088734,
    1.0044148640046198,
    1.0131224359395683,
    0.9938089887621582,
    0.9370220343992915,
    0.9318473843396992,
    0.8818534192859485,
    0.8509064535059596,
    0.8629883610673489,
    0.8304951944418492,
    0.826179519776375,
    0.8139437726268204,
    0.7749601529851076,
    0.7507790000608532,
    0.7382959921754175,
    0.7322522382181819,
    0.6998126365204331,
    0.6797546655019765,
    0.6703286802656548,
    0.6264855007951459,
    0.6337610456431585,
    0.5979795322743475,
    0.6197848892320068,
    0.61634906479508,
    0.5981210708838477,
    0.5693209603108386,
    0.5275647947865147,
    0.5083893732798677,
    0.49881241504623686,
    0.5067632528402473,
    0.5122680744977408,
    0.48043521499681857,
    0.48957995857082065,
    0.4870135020664943,
    0.4226837445010421,
    0.3883469260087417,
    0.4450760055032949,
    0.43062009129633183,
    0.423460640153417,
    0.4055463987232376,
    0.40269710732403624,
    0.38689970139974866,
    0.45151042751967907,
    0.39605319953613705,
    0.3653348497796043,
    0.3737628300504018,
    0.36374640465283425,
    0.34745140217484966,
    0.35769079843415846,
    0.34704079122472836,
    0.31113287161094366,
    0.33493370691474567,
    0.35631271955927696,
    0.3301168608088647,
    0.3062417417894849,
    0.3036196139711206,
    0.31429861526014985,
    0.30935810616500276,
    0.35336448537105675,
    0.28118697733127623,
    0.28740617617093506,
    0.2938010261734567,
    0.2829645791952248,
    0.2862046672912535,
    0.29097311376964535,
    0.2953432624739024,
    0.2466379204484564,
    0.2488957360006308,
    0.2836302080271786,
    0.2673863305344737,
    0.27844993537792595,
    0.2604535174811439,
    0.24681743331533926,
    0.2519114986562761,
    0.284021521640581,
    0.2595321643366528,
    0.2487500566283181,
    0.23843353317289423,
    0.2090018069952406,
    0.25647121845364007,
    0.24027725655625584,
    0.24103717225032947,
    0.2809569251433175,
    0.23295027510793778,
    0.23178331511375563,
    0.23051064420411344,
    0.17651806607146456,
    0.22162267804691588,
    0.24392875331273722,
    0.24109608207588956,
    0.22076156351875553,
    0.24355014291046168,
    0.21611394825571728,
    0.22965048059260332,
    0.20588181175101267,
    0.20218968252721492,
    0.22288289290141836,
    0.20253071144113058
  ],