{
  "epochs": [
    0,
    1,
    2,
    3,
    4,
    5,
    6,
    7,
    8,
    9,
    10,
    11,
    12,
    13,
    14,
    15,
    16,
    17,
    18,
    19,
    20,
    21,
    22,
    23,
    24,
    25,
    26,
    27,
    28,
    29,
    30,
    31,
    32,
    33,
    34,
    35,
    36,
    37,
    38,
    39,
    40,
    41,
    42,
    43,
    44,
    45,
    46,
    47,
    48,
    49,
    50,
    51,
    52,
    53,
    54,
    55,
    56,
    57,
    58,
    59,
    60,
    61,
    62,
    63,
    64,
    65,
    66,
    67,
    68,
    69,
    70,
    71,
    72,
    73,
    74,
    75,
    76,
    77,
    78,
    79,
    80,
    81,
    82,
    83,
    84,
    85,
    86,
    87,
    88,
    89,
    90,
    91,
    92,
    93,
    94,
    95,
    96,
    97,
    98,
    99,
    100,
    101,
    102,
    103,
    104,
    105,
    106,
    107,
    108,
    109,
    110,
    111,
    112,
    113,
    114,
    115,
    116,
    117,
    118,
    119,
    120,
    121,
    122,
    123,
    124,
    125,
    126,
    127,
    128,
    129,
    130,
    131,
    132,
    133,
    134,
    135,
    136,
    137,
    138,
    139,
    140,
    141,
    142,
    143,
    144,
    145,
    146,
    147,
    148,
    149
  ],
  "train_loss": [
    3.5599290151749887,
    3.4384562084751744,
    3.345573079201483,
    3.243269146129649,
    3.154410788448908,
    3.0604066925664104,
    2.9943181128912073,
    2.9286201378350616,
    2.8449303821850846,
    2.8023645393950964,
    2.705825981273446,
    2.6748776089760566,
    2.584591381972836,
    2.5142340378094743,
    2.449021601869214,
    2.3966485313189927,
    2.324463934667649,
    2.2526040628392208,
    2.210217939910068,
    2.1471025745073953,
    2.0941250474863153,
    2.0479242218438016,
    2.0089874347691894,
    1.92488133522772,
    1.8840836203226479,
    1.816013085425541,
    1.776502303218329,
    1.7457712622739936,
    1.7094040721334436,
    1.6242868336298133,
    1.6219330271405559,
    1.5789903109112093,
    1.4946557254560533,
    1.4807811618171713,
    1.4217715430804478,
    1.3711931659008867,
    1.3684086846087569,
    1.2815106485479622,
    1.2692223107141833,
    1.2246346548199654,
    1.1750356516530436,
    1.1788863823298485,
    1.1635204905303576,
    1.0832927393656906,
    1.0787603609183782,
    1.0496587059510651,
    1.0015902014509324,
    0.9777592493481534,
    0.9358772947503033,
    0.9221601514245874,
    0.8804521743728909,
    0.8711763455342221,
    0.8649280239497462,
    0.8175742824071197,
    0.7824051207111727,
    0.7684125807737151,
    0.6976851043842172,
    0.7407759592958516,
    0.7024215936500539,
    0.664048447564084,
    0.6618332224948111,
    0.6845612066487471,
    0.605303863804507,
    0.5897417200468881,
    0.5943223993464183,
    0.5881669038245755,
    0.5459985431804452,
    0.5329196374783273,
    0.5122705522564149,
    0.5036964977100011,
    0.48067999355775376,
    0.4999612660838231,
    0.428283149757052,
    0.48758452657049384,
    0.48047561103337877,
    0.4637990322624964,
    0.4418533476950821,
    0.3867374366169335,
    0.4093844319283161,
    0.40038566564720485,
    0.40316808691388495,
    0.3840159044591009,
    0.3731214490528869,
    0.3488596810869152,
    0.3467266201492279,
    0.36528511364914235,
    0.37856896578144,
    0.3644731934632986,
    0.30970441385783176,
    0.33803833755714596,
    0.3108130229101266,
    0.3335339967061275,
    0.34035748087110057,
    0.3184010965288967,
    0.3037261147733017,
    0.2997503063831759,
    0.2956606323169845,
    0.27403538372187364,
    0.2771332326710665,
    0.299064385198978,
    0.29566337750293314,
    0.26096549908810807,
    0.24302307999021905,
    0.255760426272548,
    0.2859127665569465,
    0.31399989997847905,
    0.287053071097621,
    0.23678076634513995,
    0.23707185149873777,
    0.22493192084353938,
    0.2662341949850401,
    0.24362362611548155,
    0.2596622683478379,
    0.22374308152094244,
    0.23373842340773873,
    0.28477151279578045,
    0.22050644732105434,
    0.24636622127245672,
    0.2143552173004155,
    0.2097552235323375,
    0.20390094078886972,
    0.254307718028725,
    0.23298816270600523,
    0.2429625305637557,
    0.21647934523230838,
    0.19327584891179475,
    0.22484514089201085,
    0.2210933607877783,
    0.2251728443699258,
    0.18662423642242068,
    0.22339884496684517,
    0.18075391944617994,
    0.19146785774438452,
    0.20477245947826775,
    0.18367497175956965,
    0.215756328763961,
    0.2109756817795857,
    0.2122956806348176,
    0.226658742614491,
    0.19326391830910197,
    0.1709713530764284,
    0.18421294244496972,
    0.17132523468875838,
    0.1862446532674855,
    0.20745799914302845,
    0.19825346907851116,
    0.20518356978002014,
    0.2130227494754538,
    0.1670586145683242,
    0.18309098940532936
  ],