{
  "epochs": [
    0,
    1,
    2,
    3,
    4,
    5,
    6,
    7,
    8,
    9,
    10,
    11,
    12,
    13,
    14,
    15,
    16,
    17,
    18,
    19,
    20,
    21,
    22,
    23,
    24,
    25,
    26,
    27,
    28,
    29,
    30,
    31,
    32,
    33,
    34,
    35,
    36,
    37,
    38,
    39,
    40,
    41,
    42,
    43,
    44,
    45,
    46,
    47,
    48,
    49,
    50,
    51,
    52,
    53,
    54,
    55,
    56,
    57,
    58,
    59,
    60,
    61,
    62,
    63,
    64,
    65,
    66,
    67,
    68,
    69,
    70,
    71,
    72,
    73,
    74,
    75,
    76,
    77,
    78,
    79,
    80,
    81,
    82,
    83,
    84,
    85,
    86,
    87,
    88,
    89,
    90,
    91,
    92,
    93,
    94,
    95,
    96,
    97,
    98,
    99,
    100,
    101,
    102,
    103,
    104,
    105,
    106,
    107,
    108,
    109,
    110,
    111,
    112,
    113,
    114,
    115,
    116,
    117,
    118,
    119,
    120,
    121,
    122,
    123,
    124,
    125,
    126,
    127,
    128,
    129,
    130,
    131,
    132,
    133,
    134,
    135,
    136,
    137,
    138,
    139,
    140,
    141,
    142,
    143,
    144,
    145,
    146,
    147,
    148,
    149
  ],
  "train_loss": [
    3.56296859441265,
    3.4239378629192228,
    3.3234024022215154,
    3.2068298446234835,
    3.109233722891859,
    3.04096632811331,
    2.970518337782993,
    2.9062153741877568,
    2.8302837623062955,
    2.774415595877555,
    2.703462795865151,
    2.635663220959325,
    2.5657768720580685,
    2.5140085941360844,
    2.4216528621412095,
    2.384151348503687,
    2.32614426234717,
    2.2593958855316205,
    2.2176824154392367,
    2.148615013207159,
    2.0871454342719047,
    2.0242280066013336,
    1.9853423208959642,
    1.925499113336686,
    1.901207648618247,
    1.8356040714568989,
    1.7815108050902684,
    1.761965811573049,
    1.6954511466526216,
    1.6415563445257884,
    1.5943754246478439,
    1.5681470262427484,
    1.508541504542033,
    1.495191397846386,
    1.4053132104617294,
    1.384943416602509,
    1.335752374782998,
    1.3064142624216695,
    1.2871775910738976,
    1.285561226869142,
    1.2277968773438084,
    1.1681700442587175,
    1.1399813172637776,
    1.0750636294163682,
    1.0520944488385031,
    1.0794202283185015,
    0.9829137322482884,
    1.0442982174616346,
    0.9196800574339846,
    0.9199133906713737,
    0.8804190216926477,
    0.8663959387409431,
    0.8469922178054369,
    0.7974419496072236,
    0.7899376264903494,
    0.7786503891029986,
    0.7020728132657467,
    0.7139410498121412,
    0.7056089561152202,
    0.6728799125399961,
    0.6726411025650719,
    0.6461996600552592,
    0.6124041485249676,
    0.601570344710302,
    0.6157112439433413,
    0.539781200328982,
    0.5745203789844308,
    0.5185818170667976,
    0.4951669533526705,
    0.4800496656768104,
    0.49843749983776964,
    0.5036791975720114,
    0.4551768750753454,
    0.44958266541762376,
    0.4231564897082506,
    0.4414527144943995,
    0.46587177266877505,
    0.4106820454039881,
    0.4268190448963514,
    0.38233534612202197,
    0.3941631229914805,
    0.3851666965031175,
    0.41593031312829704,
    0.354554610136616,
    0.38309304943428407,
    0.3462220884218652,
    0.33404113723826345,
    0.3649807052326299,
    0.3370970714917427,
    0.32358762078107367,
    0.2960388538708049,
    0.36293220049851843,
    0.3540577492075822,
    0.3028822701639666,
    0.297083658676955,
    0.30143131568066533,
    0.2742004632218791,
    0.3265059466689064,
    0.26128066825349966,
    0.277673401168838,
    0.30575304793354163,
    0.2817791797451034,
    0.30998021043756957,
    0.2281545354053378,
    0.2691561826104198,
    0.29629497890490836,
    0.2849147098930052,
    0.2646880467567513,
    0.24149355015427035,
    0.28192075318907217,
    0.2476689256577482,
    0.2367836577887897,
    0.2406218779268324,
    0.2119930713958237,
    0.2191492099670433,
    0.2676756644010624,
    0.24047600988158455,
    0.20526611923881036,
    0.24575194985836105,
    0.23646052017737862,
    0.21398579254646294,
    0.23881289816801987,
    0.2361007352229408,
    0.21187192767918592,
    0.24832016534562554,
    0.21134188323612174,
    0.2075477143579353,
    0.19116701707193848,
    0.2161409843748095,
    0.2275946645782159,
    0.22613874863412592,
    0.21591963842060538,
    0.1977062365766214,
    0.19233552027263387,
    0.1678495790448881,
    0.2042670147468446,
    0.2368890368630008,
    0.2067434015829036,
    0.1807882903614432,
    0.18120487196175683,
    0.18215598765340063,
    0.17805156194835262,
    0.19188860811102854,
    0.18788608718883767,
    0.15655668773337877,
    0.19004053490421666,
    0.1811314532257897,
    0.17444516390171502,
    0.20420091953979785,
    0.2186374613534539
  ],