{
  "epochs": [
    0,
    1,
    2,
    3,
    4,
    5,
    6,
    7,
    8,
    9,
    10,
    11,
    12,
    13,
    14,
    15,
    16,
    17,
    18,
    19,
    20,
    21,
    22,
    23,
    24,
    25,
    26,
    27,
    28,
    29,
    30,
    31,
    32,
    33,
    34,
    35,
    36,
    37,
    38,
    39,
    40,
    41,
    42,
    43,
    44,
    45,
    46,
    47,
    48,
    49,
    50,
    51,
    52,
    53,
    54,
    55,
    56,
    57,
    58,
    59,
    60,
    61,
    62,
    63,
    64,
    65,
    66,
    67,
    68,
    69,
    70,
    71,
    72,
    73,
    74,
    75,
    76,
    77,
    78,
    79,
    80,
    81,
    82,
    83,
    84,
    85,
    86,
    87,
    88,
    89,
    90,
    91,
    92,
    93,
    94,
    95,
    96,
    97,
    98,
    99,
    100,
    101,
    102,
    103,
    104,
    105,
    106,
    107,
    108,
    109,
    110,
    111,
    112,
    113,
    114,
    115,
    116,
    117,
    118,
    119,
    120,
    121,
    122,
    123,
    124,
    125,
    126,
    127,
    128,
    129,
    130,
    131,
    132,
    133,
    134,
    135,
    136,
    137,
    138,
    139,
    140,
    141,
    142,
    143,
    144,
    145,
    146,
    147,
    148,
    149
  ],
  "train_loss": [
    3.5765745723119347,
    3.4527034554430234,
    3.3609877292827894,
    3.296970498177313,
    3.2137872672850087,
    3.139657844138402,
    3.0697043198411182,
    3.0234118905118716,
    2.9235263197652754,
    2.860798042307618,
    2.842656647646299,
    2.752697987582094,
    2.706131451873369,
    2.6535333814800426,
    2.5851210846054937,
    2.5469054028552067,
    2.4869238779109013,
    2.4322297508998583,
    2.3858299537371566,
    2.3340102072044084,
    2.276129847252241,
    2.246126316888358,
    2.1953827347806705,
    2.1221863778047663,
    2.0692440245741155,
    2.01839183286954,
    2.006210319297288,
    1.9429385227862226,
    1.8923939764499664,
    1.8200363010488532,
    1.8066802068102745,
    1.7417266056422265,
    1.6698353296966963,
    1.6488377870090547,
    1.6129979603393103,
    1.5554278432041087,
    1.545537810572373,
    1.4870105126211721,
    1.436896683067404,
    1.3943579400418906,
    1.3503516965335416,
    1.3466384270659058,
    1.3013683595163847,
    1.2614247100327605,
    1.2178255057623308,
    1.1998734409289975,
    1.1740572801841203,
    1.1259580754464673,
    1.0911836829236758,
    1.0612953053687209,
    1.050141464798681,
    1.0064677490342049,
    0.9445084387096025,
    0.9500028306758532,
    0.9666525436745536,
    0.9170884368240192,
    0.9008065825027805,
    0.8288334203102896,
    0.8276806571470794,
    0.827903184238621,
    0.7967780428708241,
    0.7888287573011332,
    0.7471708394987608,
    0.7761899487225599,
    0.7454097601034309,
    0.7016597199704377,
    0.6698330904567434,
    0.6642194126722634,
    0.6908330218165472,
    0.6240391232954559,
    0.6101461017644534,
    0.5809699169970969,
    0.5901334665675637,
    0.5523369599093673,
    0.5682094360110901,
    0.5576533600487696,
    0.5273540911054418,
    0.5313690820688842,
    0.49699459200905216,
    0.4997911337682957,
    0.5200461648524769,
    0.49797352968204406,
    0.4695757171239263,
    0.4736109413507004,
    0.4299033010799077,
    0.43876992680272586,
    0.4336172428723144,
    0.45208081566999037,
    0.42357417040814954,
    0.45613337399798537,
    0.39280615714929434,
    0.39634497170286476,
    0.3887449464490337,
    0.41323110625468273,
    0.36156999572150167,
    0.35701830217975283,
    0.3144794438805391,
    0.35295580207340177,
    0.3934439363218443,
    0.31868786708782276,
    0.33317007007257593,
    0.34109482484098563,
    0.3174709520472955,
    0.32490937133389775,
    0.3034795091727809,
    0.3252647911068252,
    0.32619201382421836,
    0.32417311520886516,
    0.2994380512284816,
    0.2853698783744407,
    0.3153932728624392,
    0.3024595626780102,
    0.2598093954085182,
    0.28487219000535624,
    0.323784549615436,
    0.2784428682318458,
    0.2743946453881881,
    0.26179493409180915,
    0.24646047551825803,
    0.2529899869502212,
    0.2747163984383787,
    0.2683754473604182,
    0.2545811253805114,
    0.26454363480430615,
    0.23368290685097215,
    0.2675868197574571,
    0.2204336707445202,
    0.23649512770866113,
    0.26168143980315217,
    0.26414593102620737,
    0.26962260185160064,
    0.2314897353525564,
    0.2438283386334817,
    0.2366962501433708,
    0.22282358822763287,
    0.22746756203192217,
    0.2387960041354921,
    0.22058625523030997,
    0.20704555279645387,
    0.24476419819358697,
    0.2056786616968732,
    0.20448135844712215,
    0.25287781247708907,
    0.2166635380502069,
    0.22419038854829806,
    0.19591803932362187,
    0.2260374459438026,
    0.19651197287083794,
    0.22401894561405625,
    0.24936598453230113
  ],